id,object_id,content_type_id,tag_id
1,1,9,11
2,2,9,6
3,3,9,11
4,4,9,11
5,5,9,6
6,6,9,11
7,7,9,8
8,8,9,11
9,9,9,11
10,10,9,11
11,11,9,11
12,12,9,11
13,13,9,6
14,14,9,6
15,15,9,11
16,16,9,11
17,17,9,6
18,18,9,11
19,19,9,6
20,20,9,11
21,21,9,11
22,22,9,11
23,23,9,11
24,24,9,11
25,25,9,11
26,26,9,11
27,27,9,8
28,28,9,11
29,29,9,6
30,30,9,11
31,31,9,6
32,32,9,11
33,33,9,11
34,34,9,11
35,35,9,11
36,36,9,11
37,37,9,11
38,38,9,11
39,39,9,11
40,40,9,11
41,41,9,11
42,42,9,11
43,43,9,11
44,44,9,11
45,45,9,11
46,47,9,6
47,48,9,6
48,49,9,8
49,50,9,11
50,51,9,11
51,52,9,6
52,53,9,11
53,54,9,8
54,55,9,11
55,56,9,11
56,57,9,8
57,58,9,11
58,59,9,11
59,60,9,11
60,61,9,6
61,62,9,6
62,63,9,6
63,64,9,11
64,65,9,11
65,66,9,11
66,67,9,11
67,68,9,6
68,69,9,11
69,70,9,6
70,71,9,11
71,72,9,6
72,73,9,11
73,74,9,6
74,75,9,11
75,76,9,11
76,77,9,8
77,78,9,8
78,79,9,11
79,80,9,11
80,81,9,11
81,82,9,11
82,83,9,11
83,84,9,11
84,85,9,11
85,86,9,6
86,87,9,11
87,88,9,11
88,89,9,11
89,90,9,6
90,91,9,11
91,92,9,11
92,93,9,6
93,94,9,11
94,95,9,11
95,96,9,11
96,97,9,11
97,98,9,11
98,99,9,11
99,100,9,11
100,101,9,11
101,102,9,11
102,103,9,11
103,105,9,11
104,106,9,8
105,107,9,11
106,108,9,11
107,109,9,6
108,110,9,11
109,111,9,11
110,112,9,8
111,113,9,11
112,114,9,11
113,115,9,6
114,116,9,11
115,117,9,11
116,118,9,6
117,119,9,11
118,120,9,11
119,121,9,11
120,122,9,11
121,123,9,11
122,124,9,11
123,125,9,11
124,126,9,6
125,127,9,11
126,128,9,11
127,129,9,11
128,130,9,11
129,131,9,11
130,132,9,11
131,133,9,11
132,134,9,11
133,135,9,6
134,136,9,11
135,137,9,11
136,138,9,11
137,139,9,11
138,140,9,6
139,141,9,8
140,142,9,11
141,143,9,6
142,144,9,8
143,145,9,8
144,146,9,11
145,147,9,6
146,148,9,6
147,149,9,11
148,150,9,11
149,151,9,11
150,152,9,6
151,153,9,11
152,154,9,6
153,155,9,11
154,156,9,6
155,157,9,11
156,158,9,11
157,159,9,11
158,160,9,11
159,161,9,11
160,162,9,11
161,163,9,11
162,164,9,11
163,165,9,6
164,166,9,6
165,167,9,11
166,168,9,6
167,169,9,11
168,170,9,11
169,171,9,6
170,172,9,6
171,173,9,11
172,174,9,11
173,175,9,11
174,176,9,8
175,177,9,11
176,178,9,11
177,179,9,6
178,180,9,11
179,181,9,11
180,182,9,6
181,183,9,11
182,184,9,11
183,185,9,11
184,186,9,11
185,187,9,11
186,188,9,11
187,189,9,11
188,190,9,11
189,191,9,11
190,192,9,11
191,194,9,11
192,195,9,11
193,196,9,11
194,197,9,11
195,198,9,11
196,200,9,11
197,201,9,11
198,202,9,6
199,203,9,8
200,204,9,11
201,205,9,6
202,206,9,11
203,207,9,11
204,208,9,11
205,209,9,11
206,210,9,6
207,211,9,11
208,212,9,6
209,213,9,11
210,214,9,11
211,215,9,6
212,217,9,6
213,218,9,11
214,219,9,11
215,220,9,11
216,221,9,11
217,222,9,11
218,223,9,8
219,224,9,11
220,225,9,6
221,226,9,11
222,227,9,11
223,228,9,11
224,229,9,11
225,230,9,8
226,231,9,11
227,232,9,8
228,233,9,11
229,234,9,11
230,235,9,11
231,236,9,11
232,237,9,11
233,238,9,11
234,239,9,11
235,240,9,11
236,241,9,8
237,242,9,11
238,243,9,8
239,244,9,11
240,245,9,6
241,246,9,11
242,247,9,6
243,248,9,11
244,249,9,8
245,250,9,6
246,251,9,11
247,252,9,11
248,253,9,6
249,254,9,11
250,255,9,11
251,256,9,6
252,257,9,11
253,258,9,11
254,259,9,11
255,260,9,11
256,261,9,6
257,262,9,11
258,263,9,11
259,264,9,11
260,265,9,8
261,266,9,11
262,267,9,6
263,268,9,11
264,269,9,11
265,271,9,11
266,272,9,11
267,273,9,11
268,274,9,11
269,275,9,8
270,276,9,8
271,277,9,11
272,278,9,11
273,279,9,6
274,280,9,11
275,281,9,8
276,282,9,11
277,283,9,8
278,284,9,11
279,285,9,11
280,286,9,8
281,287,9,8
282,288,9,8
283,289,9,11
284,290,9,6
285,291,9,11
286,292,9,11
287,293,9,6
288,294,9,11
289,295,9,11
290,297,9,11
291,298,9,6
292,299,9,11
293,300,9,8
294,301,9,11
295,302,9,11
296,303,9,11
297,304,9,11
298,305,9,8
299,306,9,11
300,307,9,11
301,308,9,6
302,309,9,6
303,310,9,11
304,311,9,11
305,312,9,11
306,313,9,11
307,314,9,11
308,315,9,11
309,316,9,11
310,317,9,11
311,318,9,11
312,319,9,11
313,320,9,6
314,321,9,11
315,322,9,11
316,325,9,11
317,326,9,11
318,327,9,11
319,328,9,11
320,329,9,11
321,330,9,11
322,331,9,11
323,332,9,6
324,333,9,6
325,334,9,8
326,335,9,6
327,336,9,11
328,337,9,11
329,338,9,11
330,339,9,11
331,340,9,11
332,341,9,11
333,342,9,6
334,343,9,6
335,344,9,6
336,345,9,11
337,346,9,11
338,347,9,6
339,348,9,11
340,349,9,11
341,350,9,11
342,351,9,11
343,352,9,11
344,353,9,11
345,354,9,11
346,355,9,8
347,356,9,11
348,357,9,11
349,358,9,11
350,359,9,11
351,360,9,11
352,361,9,11
353,362,9,11
354,363,9,11
355,364,9,6
356,365,9,8
357,366,9,11
358,368,9,11
359,369,9,11
360,370,9,8
361,371,9,11
362,372,9,11
363,373,9,11
364,374,9,11
365,375,9,11
366,376,9,8
367,377,9,11
368,378,9,11
369,379,9,11
370,380,9,11
371,381,9,11
372,382,9,8
373,383,9,11
374,384,9,11
375,386,9,11
376,387,9,11
377,388,9,8
378,389,9,11
379,390,9,11
380,391,9,11
381,392,9,11
382,393,9,11
383,394,9,6
384,395,9,11
385,397,9,6
386,398,9,11
387,399,9,11
388,400,9,11
389,401,9,11
390,402,9,11
391,403,9,11
392,404,9,6
393,405,9,11
394,406,9,11
395,407,9,11
396,408,9,11
397,409,9,11
398,410,9,11
399,411,9,11
400,412,9,11
401,413,9,6
402,414,9,11
403,415,9,11
404,416,9,11
405,417,9,11
406,418,9,11
407,419,9,11
408,420,9,11
409,421,9,11
410,422,9,11
411,423,9,11
412,424,9,11
413,425,9,11
414,426,9,11
415,427,9,11
416,428,9,11
417,429,9,11
418,430,9,11
419,431,9,11
420,432,9,11
421,433,9,11
422,434,9,11
423,435,9,11
424,436,9,11
425,437,9,11
426,438,9,11
427,439,9,11
428,440,9,11
429,441,9,6
430,442,9,6
431,443,9,6
432,444,9,11
433,445,9,11
434,446,9,11
435,447,9,6
436,448,9,11
437,449,9,11
438,450,9,11
439,451,9,6
440,452,9,11
441,453,9,6
442,454,9,11
443,455,9,11
444,456,9,6
445,457,9,6
446,458,9,11
447,459,9,6
448,460,9,6
449,461,9,11
450,462,9,11
451,463,9,11
452,464,9,11
453,465,9,6
454,466,9,11
455,467,9,11
456,469,9,11
457,470,9,11
458,471,9,11
459,472,9,11
460,473,9,11
461,474,9,11
462,475,9,6
463,476,9,11
464,477,9,11
465,478,9,11
466,479,9,6
467,480,9,11
468,481,9,6
469,482,9,6
470,483,9,11
471,485,9,11
472,486,9,11
473,487,9,6
474,488,9,11
475,489,9,11
476,490,9,11
477,491,9,11
478,492,9,11
479,493,9,6
480,494,9,6
481,495,9,6
482,496,9,11
483,497,9,11
484,498,9,11
485,499,9,6
486,500,9,6
487,501,9,11
488,502,9,6
489,503,9,11
490,504,9,6
491,505,9,11
492,507,9,11
493,508,9,11
494,509,9,11
495,510,9,11
496,511,9,11
497,512,9,11
498,513,9,11
499,514,9,6
500,515,9,11
501,516,9,11
502,517,9,11
503,519,9,11
504,520,9,11
505,521,9,11
506,522,9,11
507,523,9,11
508,524,9,11
509,526,9,11
510,527,9,11
511,528,9,11
512,529,9,11
513,530,9,11
514,531,9,11
515,532,9,6
516,533,9,6
517,535,9,6
518,536,9,11
519,537,9,11
520,538,9,11
521,539,9,11
522,540,9,11
523,541,9,11
524,542,9,6
525,543,9,11
526,544,9,11
527,545,9,11
528,548,9,11
529,554,9,10
530,556,9,11
531,557,9,11
532,559,9,11
533,560,9,11
534,561,9,8
535,562,9,8
536,563,9,8
537,564,9,8
538,565,9,11
539,566,9,8
540,567,9,8
541,568,9,8
542,569,9,11
543,570,9,8
544,571,9,8
545,572,9,11
546,573,9,8
547,574,9,8
548,575,9,11
549,576,9,11
550,577,9,8
551,578,9,8
552,579,9,8
553,580,9,8
554,581,9,8
555,582,9,8
556,583,9,8
557,584,9,8
558,585,9,8
559,586,9,11
560,587,9,8
561,588,9,8
562,589,9,8
563,590,9,8
564,591,9,8
565,592,9,11
566,593,9,8
567,594,9,11
568,595,9,11
569,596,9,8
570,597,9,11
571,598,9,8
572,599,9,8
573,600,9,8
574,601,9,11
575,602,9,8
576,604,9,8
577,605,9,8
578,606,9,11
579,607,9,8
580,608,9,11
581,609,9,11
582,610,9,11
583,611,9,8
584,612,9,8
585,613,9,8
586,614,9,8
587,615,9,8
588,616,9,8
589,617,9,8
590,618,9,8
591,619,9,8
592,620,9,8
593,621,9,8
594,622,9,8
595,623,9,8
596,624,9,8
597,625,9,8
598,626,9,11
599,627,9,8
600,628,9,8
601,629,9,11
602,630,9,8
603,631,9,8
604,632,9,8
605,633,9,11
606,634,9,8
607,635,9,8
608,636,9,8
609,637,9,8
610,638,9,8
611,639,9,8
612,640,9,8
613,641,9,11
614,642,9,8
615,643,9,8
616,644,9,8
617,645,9,11
618,646,9,11
619,647,9,8
620,648,9,8
621,649,9,8
622,650,9,8
623,652,9,8
624,653,9,8
625,654,9,8
626,655,9,8
627,656,9,8
628,657,9,11
629,658,9,8
630,659,9,11
631,660,9,8
632,661,9,8
633,662,9,8
634,663,9,8
635,664,9,8
636,665,9,8
637,666,9,8
638,667,9,11
639,668,9,8
640,669,9,8
641,670,9,8
642,671,9,8
643,672,9,11
644,673,9,11
645,674,9,8
646,675,9,8
647,676,9,8
648,677,9,11
649,678,9,8
650,679,9,8
651,680,9,8
652,681,9,8
653,682,9,8
654,683,9,8
655,684,9,11
656,685,9,8
657,686,9,8
658,687,9,8
659,688,9,11
660,689,9,8
661,690,9,8
662,691,9,11
663,692,9,8
664,693,9,8
665,694,9,11
666,695,9,8
667,696,9,8
668,697,9,11
669,698,9,8
670,699,9,8
671,700,9,11
672,701,9,11
673,702,9,8
674,703,9,8
675,704,9,8
676,705,9,8
677,706,9,8
678,707,9,8
679,708,9,11
680,709,9,11
681,710,9,8
682,711,9,8
683,712,9,8
684,713,9,8
685,714,9,8
686,715,9,8
687,716,9,8
688,717,9,11
689,718,9,8
690,719,9,11
691,720,9,11
692,721,9,8
693,722,9,11
694,723,9,11
695,724,9,8
696,725,9,8
697,726,9,11
698,727,9,11
699,728,9,8
700,729,9,8
701,730,9,8
702,731,9,11
703,732,9,8
704,733,9,11
705,734,9,8
706,735,9,8
707,736,9,8
708,737,9,8
709,738,9,11
710,739,9,8
711,740,9,11
712,741,9,8
713,742,9,8
714,743,9,8
715,744,9,8
716,745,9,8
717,746,9,11
718,747,9,11
719,748,9,8
720,749,9,8
721,750,9,8
722,751,9,11
723,752,9,11
724,753,9,8
725,754,9,8
726,755,9,8
727,756,9,8
728,757,9,8
729,758,9,8
730,759,9,8
731,760,9,8
732,761,9,8
733,762,9,8
734,763,9,8
735,764,9,8
736,765,9,8
737,766,9,8
738,767,9,8
739,768,9,8
740,769,9,8
741,770,9,8
742,771,9,8
743,772,9,8
744,773,9,11
745,774,9,8
746,775,9,8
747,776,9,8
748,777,9,11
749,778,9,8
750,779,9,8
751,780,9,8
752,781,9,8
753,782,9,8
754,783,9,8
755,784,9,8
756,785,9,8
757,786,9,6
758,787,9,8
759,788,9,8
760,789,9,8
761,790,9,8
762,791,9,8
763,792,9,8
764,793,9,8
765,794,9,8
766,795,9,8
767,796,9,8
768,797,9,8
769,798,9,8
770,799,9,8
771,800,9,8
772,801,9,8
773,802,9,8
774,803,9,8
775,804,9,8
776,805,9,8
777,806,9,8
778,807,9,8
779,808,9,8
780,809,9,8
781,810,9,8
782,811,9,8
783,812,9,8
784,813,9,8
785,814,9,8
786,815,9,8
787,816,9,8
788,817,9,8
789,818,9,8
790,819,9,8
791,820,9,8
792,821,9,8
793,822,9,8
794,823,9,8
795,824,9,8
796,825,9,11
797,826,9,8
798,827,9,8
799,828,9,8
800,829,9,8
801,830,9,8
802,831,9,8
803,832,9,8
804,833,9,6
805,834,9,8
806,835,9,8
807,836,9,8
808,837,9,8
809,838,9,8
810,839,9,8
811,840,9,8
812,841,9,8
813,842,9,8
814,843,9,8
815,844,9,8
816,845,9,8
817,846,9,8
818,847,9,8
819,848,9,8
820,849,9,8
821,850,9,8
822,851,9,8
823,852,9,8
824,853,9,8
825,854,9,8
826,855,9,11
827,856,9,8
828,857,9,8
829,858,9,8
830,859,9,8
831,860,9,8
832,861,9,8
833,862,9,8
834,863,9,8
835,864,9,8
836,865,9,8
837,866,9,8
838,867,9,6
839,868,9,8
840,869,9,8
841,870,9,11
842,871,9,8
843,872,9,11
844,873,9,11
845,874,9,8
846,875,9,8
847,876,9,8
848,877,9,8
849,878,9,8
850,879,9,8
851,880,9,8
852,881,9,8
853,882,9,8
854,883,9,8
855,884,9,8
856,885,9,8
857,886,9,8
858,887,9,8
859,888,9,8
860,889,9,8
861,890,9,8
862,891,9,11
863,892,9,8
864,893,9,8
865,894,9,8
866,895,9,8
867,896,9,8
868,897,9,6
869,898,9,8
870,899,9,8
871,900,9,8
872,901,9,8
873,902,9,8
874,903,9,8
875,904,9,8
876,905,9,8
877,906,9,8
878,907,9,8
879,908,9,8
880,909,9,8
881,910,9,8
882,911,9,8
883,912,9,8
884,913,9,8
885,914,9,11
886,915,9,8
887,916,9,8
888,917,9,8
889,918,9,11
890,919,9,11
891,920,9,11
892,921,9,11
893,922,9,11
894,923,9,11
895,924,9,11
896,925,9,11
897,926,9,11
898,927,9,11
899,928,9,11
900,929,9,11
901,930,9,11
902,931,9,11
903,932,9,11
904,933,9,11
905,934,9,11
906,935,9,11
907,936,9,11
908,937,9,8
909,938,9,11
910,939,9,11
911,940,9,11
912,941,9,11
913,942,9,11
914,943,9,11
915,944,9,11
916,945,9,11
917,946,9,11
918,947,9,11
919,948,9,11
920,949,9,11
921,950,9,11
922,951,9,11
923,952,9,11
924,953,9,11
925,954,9,11
926,955,9,11
927,956,9,11
928,957,9,8
929,958,9,11
930,959,9,11
931,960,9,11
932,961,9,11
933,962,9,11
934,963,9,11
935,964,9,11
936,965,9,11
937,966,9,11
938,967,9,11
939,968,9,11
940,969,9,11
941,970,9,11
942,971,9,11
943,972,9,11
944,973,9,11
945,974,9,11
946,975,9,11
947,976,9,11
948,977,9,8
949,978,9,11
950,979,9,11
951,980,9,11
952,981,9,11
953,982,9,11
954,983,9,11
955,984,9,11
956,985,9,11
957,986,9,11
958,987,9,11
959,988,9,11
960,989,9,8
961,990,9,11
962,991,9,11
963,992,9,11
964,993,9,11
965,994,9,11
966,995,9,11
967,996,9,11
968,997,9,11
969,998,9,11
970,999,9,11
971,1000,9,11
972,1001,9,11
973,1002,9,11
974,1003,9,11
975,1004,9,11
976,1005,9,11
977,1006,9,11
978,1007,9,11
979,1008,9,11
980,1009,9,11
981,1010,9,11
982,1011,9,11
983,1012,9,11
984,1013,9,11
985,1014,9,11
986,1015,9,11
987,1017,9,11
988,1018,9,11
989,1019,9,11
990,1020,9,11
991,1021,9,11
992,1022,9,8
993,1023,9,11
994,1024,9,8
995,1025,9,11
996,1026,9,11
997,1027,9,11
998,1028,9,11
999,1029,9,11
1000,1030,9,11
1001,1031,9,11
1002,1032,9,11
1003,1033,9,11
1004,1034,9,6
1005,1035,9,11
1006,1036,9,11
1007,1037,9,11
1008,1038,9,11
1009,1039,9,11
1010,1040,9,11
1011,1041,9,11
1012,1042,9,8
1013,1043,9,11
1014,1044,9,11
1015,1045,9,11
1016,1046,9,11
1017,1047,9,11
1018,1048,9,11
1019,1049,9,8
1020,1050,9,8
1021,1051,9,11
1022,1052,9,11
1023,1053,9,11
1024,1054,9,11
1025,1055,9,11
1026,1056,9,11
1027,1057,9,11
1028,1058,9,11
1029,1059,9,11
1030,1060,9,11
1031,1061,9,6
1032,1062,9,11
1033,1063,9,11
1034,1064,9,11
1035,1065,9,11
1036,1066,9,11
1037,1067,9,8
1038,1068,9,11
1039,1069,9,11
1040,1070,9,11
1041,1071,9,6
1042,1072,9,11
1043,1073,9,11
1044,1074,9,11
1045,1075,9,11
1046,1076,9,11
1047,1077,9,8
1048,1078,9,8
1049,1079,9,11
1050,1080,9,11
1051,1081,9,11
1052,1082,9,11
1053,1083,9,8
1054,1084,9,11
1055,1085,9,11
1056,1086,9,11
1057,1087,9,11
1058,1088,9,11
1059,1089,9,11
1060,1090,9,8
1061,1091,9,11
1062,1092,9,11
1063,1093,9,11
1064,1094,9,11
1065,1095,9,8
1066,1096,9,8
1067,1097,9,11
1068,1098,9,8
1069,1099,9,11
1070,1100,9,11
1071,1101,9,11
1072,1102,9,8
1073,1103,9,11
1074,1104,9,8
1075,1105,9,11
1076,1106,9,11
1077,1107,9,11
1078,1108,9,11
1079,1109,9,8
1080,1110,9,11
1081,1111,9,11
1082,1112,9,11
1083,1113,9,6
1084,1114,9,8
1085,1115,9,11
1086,1116,9,11
1087,1117,9,11
1088,1118,9,11
1089,1119,9,8
1090,1120,9,11
1091,1121,9,11
1092,1122,9,11
1093,1123,9,11
1094,1124,9,8
1095,1125,9,11
1096,1126,9,8
1097,1128,9,11
1098,1129,9,11
1099,1130,9,11
1100,1131,9,11
1101,1132,9,11
1102,1133,9,11
1103,1134,9,11
1104,1135,9,11
1105,1136,9,11
1106,1137,9,11
1107,1138,9,11
1108,1139,9,11
1109,1140,9,11
1110,1141,9,11
1111,1142,9,11
1112,1143,9,11
1113,1144,9,6
1114,1145,9,8
1115,1146,9,11
1116,1147,9,11
1117,1148,9,11
1118,1149,9,11
1119,1150,9,11
1120,1151,9,11
1121,1152,9,8
1122,1153,9,8
1123,1154,9,11
1124,1155,9,11
1125,1156,9,11
1126,1157,9,11
1127,1158,9,11
1128,1159,9,11
1129,1160,9,11
1130,1161,9,11
1131,1162,9,11
1132,1163,9,11
1133,1164,9,11
1134,1165,9,11
1135,1166,9,8
1136,1167,9,11
1137,1168,9,11
1138,1169,9,11
1139,1170,9,11
1140,1171,9,11
1141,1172,9,11
1142,1173,9,11
1143,1174,9,11
1144,1175,9,11
1145,1176,9,11
1146,1177,9,11
1147,1178,9,8
1148,1179,9,11
1149,1180,9,11
1150,1181,9,8
1151,1182,9,11
1152,1183,9,11
1153,1184,9,11
1154,1185,9,8
1155,1186,9,11
1156,1187,9,11
1157,1188,9,11
1158,1189,9,11
1159,1190,9,11
1160,1191,9,11
1161,1192,9,11
1162,1193,9,11
1163,1194,9,11
1164,1195,9,11
1165,1196,9,11
1166,1197,9,11
1167,1198,9,11
1168,1199,9,11
1169,1200,9,11
1170,1201,9,11
1171,1202,9,6
1172,1203,9,8
1173,1204,9,6
1174,1205,9,11
1175,1206,9,11
1176,1207,9,11
1177,1208,9,11
1178,1209,9,11
1179,1210,9,11
1180,1211,9,11
1181,1212,9,8
1182,1213,9,8
1183,1214,9,11
1184,1215,9,11
1185,1216,9,11
1186,1217,9,11
1187,1218,9,11
1188,1219,9,11
1189,1220,9,11
1190,1221,9,8
1191,1222,9,11
1192,1223,9,11
1193,1224,9,11
1194,1225,9,11
1195,1226,9,11
1196,1227,9,11
1197,1228,9,11
1198,1229,9,11
1199,1230,9,11
1200,1231,9,11
1201,1232,9,11
1202,1233,9,11
1203,1234,9,11
1204,1235,9,11
1205,1236,9,11
1206,1237,9,11
1207,1238,9,11
1208,1239,9,6
1209,1240,9,11
1210,1241,9,11
1211,1242,9,11
1212,1243,9,11
1213,1244,9,11
1214,1245,9,11
1215,1246,9,8
1216,1247,9,11
1217,1248,9,11
1218,1249,9,11
1219,1251,9,11
1220,1252,9,11
1221,1253,9,11
1222,1254,9,11
1223,1255,9,11
1224,1256,9,11
1225,1257,9,8
1226,1258,9,11
1227,1259,9,11
1228,1260,9,11
1229,1261,9,11
1230,1262,9,11
1231,1263,9,11
1232,1264,9,11
1233,1265,9,8
1234,1266,9,11
1235,1267,9,8
1236,1268,9,11
1237,1269,9,11
1238,1270,9,11
1239,1271,9,11
1240,1272,9,11
1241,1273,9,8
1242,1274,9,6
1243,1275,9,11
1244,1276,9,11
1245,1277,9,11
1246,1278,9,11
1247,1279,9,11
1248,1280,9,11
1249,1281,9,8
1250,1282,9,11
1251,1283,9,11
1252,1284,9,11
1253,1285,9,11
1254,1286,9,11
1255,1287,9,11
1256,1288,9,11
1257,1289,9,11
1258,1290,9,11
1259,1291,9,11
1260,1292,9,11
1261,1293,9,8
1262,1294,9,11
1263,1295,9,11
1264,1296,9,11
1265,1297,9,11
1266,1298,9,11
1267,1299,9,11
1268,1300,9,11
1269,1301,9,11
1270,1302,9,11
1271,1303,9,11
1272,1304,9,11
1273,1305,9,11
1274,1306,9,11
1275,1307,9,11
1276,1308,9,11
1277,1309,9,8
1278,1310,9,6
1279,1311,9,11
1280,1312,9,11
1281,1313,9,11
1282,1314,9,11
1283,1315,9,11
1284,1316,9,11
1285,1317,9,11
1286,1318,9,11
1287,1319,9,8
1288,1320,9,6
1289,1321,9,11
1290,1322,9,11
1291,1323,9,8
1292,1324,9,8
1293,1325,9,8
1294,1326,9,8
1295,1327,9,8
1296,1328,9,8
1297,1329,9,8
1298,1330,9,8
1299,1331,9,8
1300,1332,9,8
1301,1333,9,8
1302,1334,9,8
1303,1335,9,11
1304,1336,9,8
1305,1337,9,8
1306,1338,9,8
1307,1339,9,11
1308,1340,9,8
1309,1341,9,11
1310,1342,9,11
1311,1343,9,11
1312,1344,9,11
1313,1345,9,8
1314,1346,9,11
1315,1347,9,11
1316,1348,9,11
1317,1349,9,8
1318,1350,9,8
1319,1351,9,8
1320,1352,9,8
1321,1353,9,8
1322,1354,9,8
1323,1355,9,8
1324,1356,9,11
1325,1357,9,11
1326,1358,9,11
1327,1359,9,8
1328,1360,9,11
1329,1361,9,8
1330,1362,9,11
1331,1363,9,8
1332,1364,9,11
1333,1365,9,8
1334,1366,9,8
1335,1367,9,6
1336,1368,9,11
1337,1369,9,8
1338,1370,9,11
1339,1371,9,11
1340,1372,9,8
1341,1373,9,11
1342,1374,9,11
1343,1375,9,11
1344,1376,9,11
1345,1377,9,11
1346,1378,9,11
1347,1379,9,6
1348,1380,9,11
1349,1381,9,11
1350,1382,9,8
1351,1383,9,8
1352,1384,9,8
1353,1385,9,11
1354,1386,9,8
1355,1387,9,11
1356,1388,9,11
1357,1389,9,8
1358,1390,9,8
1359,1391,9,11
1360,1392,9,8
1361,1393,9,8
1362,1394,9,8
1363,1395,9,8
1364,1396,9,8
1365,1397,9,11
1366,1398,9,8
1367,1399,9,8
1368,1400,9,8
1369,1401,9,8
1370,1402,9,8
1371,1403,9,8
1372,1404,9,8
1373,1405,9,8
1374,1406,9,8
1375,1407,9,8
1376,1408,9,11
1377,1409,9,8
1378,1410,9,11
1379,1411,9,11
1380,1412,9,6
1381,1413,9,11
1382,1414,9,8
1383,1415,9,8
1384,1416,9,8
1385,1417,9,11
1386,1418,9,8
1387,1419,9,11
1388,1420,9,11
1389,1421,9,8
1390,1422,9,11
1391,1423,9,11
1392,1424,9,8
1393,1425,9,8
1394,1426,9,8
1395,1427,9,8
1396,1428,9,11
1397,1429,9,11
1398,1430,9,8
1399,1431,9,11
1400,1432,9,11
1401,1433,9,11
1402,1434,9,8
1403,1435,9,8
1404,1436,9,11
1405,1437,9,11
1406,1438,9,8
1407,1439,9,11
1408,1440,9,11
1409,1441,9,8
1410,1442,9,11
1411,1443,9,8
1412,1444,9,11
1413,1445,9,8
1414,1446,9,8
1415,1447,9,11
1416,1448,9,6
1417,1449,9,11
1418,1450,9,8
1419,1451,9,11
1420,1452,9,11
1421,1453,9,11
1422,1454,9,11
1423,1455,9,11
1424,1456,9,8
1425,1457,9,8
1426,1458,9,8
1427,1459,9,11
1428,1460,9,11
1429,1461,9,8
1430,1462,9,11
1431,1463,9,8
1432,1464,9,11
1433,1465,9,11
1434,1466,9,11
1435,1467,9,8
1436,1468,9,11
1437,1469,9,8
1438,1470,9,11
1439,1471,9,8
1440,1472,9,8
1441,1473,9,11
1442,1474,9,8
1443,1475,9,11
1444,1476,9,8
1445,1477,9,8
1446,1478,9,8
1447,1479,9,8
1448,1480,9,8
1449,1481,9,11
1450,1482,9,11
1451,1483,9,8
1452,1484,9,8
1453,1485,9,8
1454,1486,9,11
1455,1487,9,11
1456,1488,9,11
1457,1489,9,11
1458,1490,9,8
1459,1491,9,8
1460,1492,9,11
1461,1493,9,8
1462,1494,9,11
1463,1495,9,8
1464,1496,9,11
1465,1497,9,8
1466,1498,9,8
1467,1499,9,11
1468,1500,9,11
1469,1501,9,11
1470,1502,9,8
1471,1503,9,8
1472,1504,9,11
1473,1505,9,11
1474,1506,9,11
1475,1507,9,11
1476,1508,9,11
1477,1509,9,8
1478,1510,9,11
1479,1511,9,8
1480,1512,9,11
1481,1513,9,11
1482,1514,9,8
1483,1515,9,11
1484,1516,9,11
1485,1517,9,6
1486,1518,9,11
1487,1519,9,8
1488,1520,9,8
1489,1521,9,6
1490,1522,9,8
1491,1523,9,11
1492,1524,9,8
1493,1525,9,11
1494,1526,9,11
1495,1527,9,8
1496,1528,9,8
1497,1529,9,11
1498,1530,9,8
1499,1531,9,8
1500,1532,9,8
1501,1533,9,8
1502,1534,9,11
1503,1535,9,8
1504,1536,9,8
1505,1537,9,8
1506,1538,9,8
1507,1539,9,11
1508,1540,9,8
1509,1541,9,11
1510,1542,9,8
1511,1543,9,8
1512,1544,9,8
1513,1545,9,6
1514,1546,9,6
1515,1547,9,11
1516,1548,9,8
1517,1549,9,11
1518,1550,9,11
1519,1551,9,11
1520,1552,9,8
1521,1553,9,8
1522,1554,9,11
1523,1555,9,8
1524,1556,9,11
1525,1557,9,8
1526,1558,9,8
1527,1559,9,6
1528,1560,9,11
1529,1561,9,8
1530,1562,9,8
1531,1563,9,8
1532,1564,9,11
1533,1565,9,11
1534,1566,9,8
1535,1567,9,8
1536,1568,9,11
1537,1569,9,8
1538,1570,9,8
1539,1571,9,8
1540,1572,9,8
1541,1573,9,8
1542,1574,9,8
1543,1575,9,11
1544,1576,9,11
1545,1577,9,8
1546,1578,9,11
1547,1579,9,8
1548,1580,9,11
1549,1581,9,8
1550,1582,9,11
1551,1583,9,11
1552,1584,9,8
1553,1585,9,8
1554,1586,9,11
1555,1587,9,8
1556,1588,9,8
1557,1589,9,11
1558,1590,9,8
1559,1591,9,11
1560,1592,9,8
1561,1593,9,11
1562,1594,9,8
1563,1595,9,11
1564,1596,9,8
1565,1597,9,8
1566,1598,9,8
1567,1599,9,11
1568,1600,9,8
1569,1601,9,11
1570,1602,9,11
1571,1603,9,8
1572,1604,9,11
1573,1605,9,8
1574,1606,9,11
1575,1607,9,11
1576,1608,9,8
1577,1609,9,11
1578,1610,9,11
1579,1611,9,8
1580,1612,9,6
1581,1613,9,11
1582,1614,9,6
1583,1615,9,8
1584,1616,9,11
1585,1617,9,11
1586,1618,9,8
1587,1619,9,8
1588,1620,9,11
1589,1621,9,8
1590,1622,9,8
1591,1623,9,8
1592,1624,9,11
1593,1625,9,8
1594,1626,9,8
1595,1627,9,8
1596,1628,9,8
1597,1629,9,8
1598,1630,9,8
1599,1631,9,8
1600,1632,9,8
1601,1633,9,8
1602,1634,9,8
1603,1635,9,11
1604,1636,9,11
1605,1637,9,8
1606,1638,9,8
1607,1639,9,8
1608,1640,9,8
1609,1641,9,11
1610,1642,9,8
1611,1643,9,8
1612,1644,9,11
1613,1645,9,6
1614,1646,9,11
1615,1647,9,6
1616,1648,9,11
1617,1649,9,8
1618,1650,9,11
1619,1651,9,11
1620,1652,9,8
1621,1653,9,8
1622,1654,9,8
1623,1655,9,8
1624,1656,9,11
1625,1657,9,11
1626,1658,9,8
1627,1659,9,8
1628,1660,9,11
1629,1661,9,11
1630,1663,9,8
1631,1664,9,8
1632,1665,9,8
1633,1666,9,8
1634,1667,9,11
1635,1668,9,11
1636,1669,9,11
1637,1670,9,8
1638,1671,9,8
1639,1672,9,8
1640,1673,9,11
1641,1674,9,11
1642,1675,9,8
1643,1676,9,8
1644,1677,9,11
1645,1678,9,11
1646,1679,9,11
1647,1680,9,11
1648,1681,9,8
1649,1682,9,8
1650,1683,9,11
1651,1684,9,11
1652,1685,9,11
1653,1686,9,8
1654,1687,9,11
1655,1688,9,11
1656,1689,9,11
1657,1690,9,8
1658,1691,9,8
1659,1692,9,8
1660,1693,9,8
1661,1694,9,8
1662,1695,9,11
1663,1696,9,8
1664,1697,9,11
1665,1698,9,8
1666,1699,9,8
1667,1700,9,8
1668,1701,9,8
1669,1702,9,11
1670,1703,9,8
1671,1704,9,8
1672,1705,9,8
1673,1706,9,11
1674,1707,9,6
1675,1708,9,11
1676,1709,9,6
1677,1710,9,8
1678,1711,9,8
1679,1712,9,8
1680,1713,9,11
1681,1714,9,11
1682,1715,9,8
1683,1716,9,8
1684,1717,9,8
1685,1718,9,8
1686,1719,9,8
1687,1720,9,11
1688,2,9,11
1689,3,9,10
1690,5,9,11
1691,7,9,6
1692,8,9,10
1693,9,9,10
1694,10,9,10
1695,11,9,10
1696,13,9,11
1697,14,9,11
1698,15,9,10
1699,17,9,11
1700,19,9,11
1701,20,9,10
1702,22,9,10
1703,23,9,10
1704,24,9,10
1705,25,9,10
1706,26,9,10
1707,27,9,6
1708,28,9,10
1709,29,9,11
1710,30,9,10
1711,31,9,11
1712,32,9,10
1713,33,9,10
1714,34,9,10
1715,35,9,10
1716,36,9,10
1717,37,9,10
1718,38,9,10
1719,39,9,10
1720,40,9,10
1721,41,9,10
1722,42,9,10
1723,43,9,10
1724,44,9,10
1725,45,9,10
1726,47,9,11
1727,48,9,11
1728,49,9,6
1729,52,9,11
1730,53,9,10
1731,54,9,6
1732,57,9,6
1733,58,9,10
1734,60,9,10
1735,61,9,11
1736,62,9,11
1737,63,9,11
1738,68,9,11
1739,70,9,11
1740,72,9,11
1741,74,9,11
1742,77,9,6
1743,78,9,6
1744,80,9,10
1745,81,9,10
1746,83,9,10
1747,85,9,10
1748,86,9,11
1749,88,9,10
1750,89,9,10
1751,90,9,11
1752,91,9,10
1753,93,9,11
1754,94,9,10
1755,97,9,10
1756,98,9,10
1757,99,9,10
1758,105,9,10
1759,106,9,6
1760,107,9,10
1761,108,9,10
1762,109,9,11
1763,111,9,10
1764,112,9,6
1765,113,9,10
1766,114,9,10
1767,115,9,11
1768,117,9,10
1769,118,9,11
1770,119,9,10
1771,121,9,10
1772,123,9,10
1773,124,9,10
1774,126,9,11
1775,130,9,10
1776,131,9,10
1777,132,9,10
1778,133,9,10
1779,134,9,10
1780,135,9,11
1781,136,9,10
1782,139,9,10
1783,140,9,11
1784,141,9,6
1785,142,9,10
1786,143,9,11
1787,144,9,6
1788,145,9,6
1789,147,9,11
1790,148,9,11
1791,151,9,10
1792,152,9,11
1793,153,9,10
1794,154,9,11
1795,155,9,10
1796,156,9,11
1797,157,9,10
1798,159,9,10
1799,163,9,10
1800,164,9,10
1801,165,9,11
1802,166,9,11
1803,167,9,10
1804,168,9,11
1805,169,9,10
1806,170,9,10
1807,171,9,11
1808,172,9,11
1809,175,9,10
1810,176,9,6
1811,179,9,11
1812,180,9,10
1813,182,9,11
1814,183,9,10
1815,184,9,10
1816,185,9,10
1817,187,9,10
1818,188,9,10
1819,189,9,10
1820,192,9,10
1821,195,9,10
1822,197,9,10
1823,202,9,11
1824,203,9,6
1825,204,9,10
1826,205,9,11
1827,206,9,10
1828,207,9,10
1829,208,9,10
1830,209,9,10
1831,210,9,11
1832,212,9,11
1833,214,9,10
1834,215,9,11
1835,217,9,11
1836,220,9,10
1837,222,9,10
1838,223,9,6
1839,225,9,11
1840,230,9,6
1841,232,9,6
1842,233,9,10
1843,234,9,10
1844,238,9,10
1845,240,9,10
1846,241,9,6
1847,242,9,10
1848,243,9,6
1849,245,9,11
1850,246,9,10
1851,247,9,11
1852,248,9,10
1853,249,9,6
1854,250,9,11
1855,253,9,11
1856,254,9,10
1857,256,9,11
1858,258,9,10
1859,260,9,10
1860,261,9,11
1861,262,9,10
1862,265,9,6
1863,266,9,10
1864,267,9,11
1865,268,9,10
1866,271,9,10
1867,275,9,6
1868,276,9,6
1869,278,9,10
1870,279,9,11
1871,281,9,6
1872,283,9,6
1873,286,9,6
1874,287,9,6
1875,288,9,6
1876,290,9,11
1877,291,9,10
1878,293,9,11
1879,295,9,10
1880,297,9,10
1881,298,9,11
1882,300,9,6
1883,301,9,10
1884,305,9,6
1885,306,9,10
1886,308,9,11
1887,309,9,11
1888,310,9,10
1889,313,9,10
1890,316,9,10
1891,317,9,10
1892,320,9,11
1893,329,9,10
1894,332,9,11
1895,333,9,11
1896,334,9,6
1897,338,9,10
1898,339,9,10
1899,341,9,10
1900,342,9,11
1901,343,9,11
1902,344,9,11
1903,347,9,11
1904,348,9,10
1905,351,9,10
1906,353,9,10
1907,355,9,6
1908,356,9,10
1909,357,9,10
1910,359,9,10
1911,364,9,11
1912,365,9,6
1913,368,9,10
1914,369,9,10
1915,370,9,6
1916,372,9,10
1917,373,9,10
1918,374,9,10
1919,375,9,10
1920,376,9,6
1921,377,9,10
1922,379,9,10
1923,380,9,10
1924,382,9,6
1925,386,9,10
1926,388,9,6
1927,391,9,10
1928,392,9,10
1929,394,9,11
1930,397,9,11
1931,401,9,10
1932,402,9,10
1933,403,9,10
1934,405,9,10
1935,406,9,10
1936,407,9,10
1937,408,9,10
1938,409,9,10
1939,410,9,10
1940,411,9,10
1941,412,9,10
1942,414,9,10
1943,415,9,10
1944,416,9,10
1945,417,9,10
1946,418,9,10
1947,419,9,10
1948,420,9,10
1949,421,9,10
1950,422,9,10
1951,423,9,10
1952,424,9,10
1953,425,9,10
1954,426,9,10
1955,427,9,10
1956,428,9,10
1957,429,9,10
1958,430,9,10
1959,431,9,10
1960,432,9,10
1961,433,9,10
1962,434,9,10
1963,435,9,10
1964,436,9,10
1965,437,9,10
1966,438,9,10
1967,439,9,10
1968,440,9,10
1969,444,9,10
1970,445,9,10
1971,446,9,10
1972,448,9,10
1973,449,9,10
1974,452,9,10
1975,454,9,10
1976,455,9,10
1977,458,9,10
1978,461,9,10
1979,462,9,10
1980,463,9,10
1981,464,9,10
1982,466,9,10
1983,467,9,10
1984,469,9,10
1985,470,9,10
1986,471,9,10
1987,472,9,10
1988,473,9,10
1989,474,9,10
1990,476,9,10
1991,477,9,10
1992,478,9,10
1993,480,9,10
1994,483,9,10
1995,485,9,10
1996,486,9,10
1997,488,9,10
1998,489,9,10
1999,490,9,10
2000,491,9,10
2001,492,9,10
2002,496,9,10
2003,497,9,10
2004,498,9,10
2005,501,9,10
2006,505,9,10
2007,507,9,10
2008,508,9,10
2009,510,9,10
2010,511,9,10
2011,512,9,10
2012,515,9,10
2013,516,9,10
2014,520,9,10
2015,521,9,10
2016,522,9,10
2017,523,9,10
2018,526,9,10
2019,527,9,10
2020,528,9,10
2021,529,9,10
2022,530,9,10
2023,531,9,10
2024,536,9,10
2025,537,9,10
2026,538,9,10
2027,539,9,10
2028,540,9,10
2029,541,9,10
2030,543,9,10
2031,544,9,10
2032,545,9,10
2033,557,9,10
2034,559,9,10
2035,560,9,10
2036,561,9,6
2037,562,9,6
2038,563,9,6
2039,564,9,6
2040,565,9,10
2041,566,9,6
2042,567,9,6
2043,568,9,6
2044,569,9,10
2045,570,9,6
2046,571,9,6
2047,572,9,10
2048,573,9,6
2049,574,9,6
2050,575,9,10
2051,576,9,10
2052,577,9,6
2053,578,9,6
2054,579,9,6
2055,580,9,6
2056,581,9,6
2057,582,9,6
2058,583,9,6
2059,584,9,6
2060,585,9,6
2061,586,9,10
2062,587,9,6
2063,588,9,6
2064,589,9,6
2065,590,9,6
2066,591,9,6
2067,592,9,10
2068,593,9,6
2069,594,9,10
2070,595,9,10
2071,596,9,6
2072,597,9,10
2073,598,9,6
2074,599,9,6
2075,600,9,6
2076,601,9,10
2077,602,9,6
2078,604,9,6
2079,605,9,6
2080,607,9,6
2081,609,9,10
2082,610,9,10
2083,611,9,6
2084,612,9,6
2085,613,9,6
2086,614,9,6
2087,615,9,6
2088,616,9,6
2089,617,9,6
2090,618,9,6
2091,619,9,6
2092,620,9,6
2093,621,9,6
2094,622,9,6
2095,623,9,6
2096,624,9,6
2097,625,9,6
2098,626,9,10
2099,627,9,6
2100,628,9,6
2101,629,9,10
2102,630,9,6
2103,631,9,6
2104,632,9,6
2105,633,9,10
2106,634,9,6
2107,635,9,6
2108,636,9,6
2109,637,9,6
2110,638,9,6
2111,639,9,6
2112,640,9,6
2113,642,9,6
2114,643,9,6
2115,644,9,6
2116,645,9,10
2117,647,9,6
2118,648,9,6
2119,649,9,6
2120,650,9,6
2121,652,9,6
2122,653,9,6
2123,654,9,6
2124,655,9,6
2125,656,9,6
2126,657,9,10
2127,658,9,6
2128,659,9,10
2129,660,9,6
2130,661,9,6
2131,662,9,6
2132,663,9,6
2133,664,9,6
2134,665,9,6
2135,666,9,6
2136,668,9,6
2137,669,9,6
2138,670,9,6
2139,671,9,6
2140,672,9,10
2141,674,9,6
2142,675,9,6
2143,676,9,6
2144,677,9,10
2145,678,9,6
2146,679,9,6
2147,680,9,6
2148,681,9,6
2149,682,9,6
2150,683,9,6
2151,684,9,10
2152,685,9,6
2153,686,9,6
2154,687,9,6
2155,688,9,10
2156,689,9,6
2157,690,9,6
2158,691,9,10
2159,692,9,6
2160,693,9,6
2161,694,9,10
2162,695,9,6
2163,696,9,6
2164,697,9,10
2165,698,9,6
2166,699,9,6
2167,700,9,10
2168,701,9,10
2169,702,9,6
2170,703,9,6
2171,704,9,6
2172,705,9,6
2173,706,9,6
2174,707,9,6
2175,708,9,10
2176,709,9,10
2177,710,9,6
2178,711,9,6
2179,712,9,6
2180,713,9,6
2181,714,9,6
2182,715,9,6
2183,716,9,6
2184,717,9,10
2185,718,9,6
2186,719,9,10
2187,720,9,10
2188,721,9,6
2189,723,9,10
2190,724,9,6
2191,725,9,6
2192,726,9,10
2193,727,9,10
2194,728,9,6
2195,729,9,6
2196,730,9,6
2197,732,9,6
2198,733,9,10
2199,734,9,6
2200,735,9,6
2201,736,9,6
2202,737,9,6
2203,738,9,10
2204,739,9,6
2205,741,9,6
2206,742,9,6
2207,743,9,6
2208,744,9,6
2209,745,9,6
2210,746,9,10
2211,747,9,10
2212,748,9,6
2213,749,9,6
2214,750,9,6
2215,751,9,10
2216,752,9,10
2217,753,9,6
2218,754,9,6
2219,755,9,6
2220,756,9,6
2221,757,9,6
2222,758,9,6
2223,759,9,6
2224,760,9,6
2225,761,9,6
2226,762,9,6
2227,763,9,6
2228,764,9,6
2229,765,9,6
2230,766,9,6
2231,767,9,6
2232,768,9,6
2233,769,9,6
2234,770,9,6
2235,771,9,6
2236,772,9,6
2237,773,9,10
2238,774,9,6
2239,775,9,6
2240,776,9,6
2241,777,9,10
2242,778,9,6
2243,779,9,6
2244,780,9,6
2245,781,9,6
2246,782,9,6
2247,783,9,6
2248,784,9,6
2249,785,9,6
2250,787,9,6
2251,788,9,6
2252,789,9,6
2253,790,9,6
2254,791,9,6
2255,792,9,6
2256,793,9,6
2257,794,9,6
2258,795,9,6
2259,796,9,6
2260,797,9,6
2261,798,9,6
2262,799,9,6
2263,800,9,6
2264,801,9,6
2265,802,9,6
2266,803,9,6
2267,804,9,6
2268,805,9,6
2269,806,9,6
2270,807,9,6
2271,808,9,6
2272,809,9,6
2273,810,9,6
2274,811,9,6
2275,812,9,6
2276,813,9,6
2277,814,9,6
2278,815,9,6
2279,816,9,6
2280,817,9,6
2281,818,9,6
2282,819,9,6
2283,820,9,6
2284,821,9,6
2285,822,9,6
2286,823,9,6
2287,824,9,6
2288,825,9,10
2289,826,9,6
2290,827,9,6
2291,828,9,6
2292,829,9,6
2293,830,9,6
2294,831,9,6
2295,832,9,6
2296,833,9,11
2297,834,9,6
2298,835,9,6
2299,836,9,6
2300,837,9,6
2301,838,9,6
2302,839,9,6
2303,840,9,6
2304,841,9,6
2305,842,9,6
2306,843,9,6
2307,844,9,6
2308,845,9,6
2309,846,9,6
2310,847,9,6
2311,848,9,6
2312,849,9,6
2313,850,9,6
2314,851,9,6
2315,852,9,6
2316,853,9,6
2317,854,9,6
2318,855,9,10
2319,856,9,6
2320,857,9,6
2321,858,9,6
2322,859,9,6
2323,860,9,6
2324,861,9,6
2325,862,9,6
2326,863,9,6
2327,864,9,6
2328,865,9,6
2329,866,9,6
2330,867,9,11
2331,868,9,6
2332,869,9,6
2333,870,9,10
2334,871,9,6
2335,872,9,10
2336,873,9,10
2337,874,9,6
2338,875,9,6
2339,876,9,6
2340,877,9,6
2341,878,9,6
2342,879,9,6
2343,880,9,6
2344,881,9,6
2345,882,9,6
2346,883,9,6
2347,884,9,6
2348,885,9,6
2349,886,9,6
2350,887,9,6
2351,888,9,6
2352,889,9,6
2353,890,9,6
2354,891,9,10
2355,892,9,6
2356,893,9,6
2357,894,9,6
2358,895,9,6
2359,896,9,6
2360,897,9,11
2361,898,9,6
2362,899,9,6
2363,900,9,6
2364,901,9,6
2365,902,9,6
2366,903,9,6
2367,904,9,6
2368,905,9,6
2369,906,9,6
2370,907,9,6
2371,908,9,6
2372,909,9,6
2373,910,9,6
2374,911,9,6
2375,912,9,6
2376,913,9,6
2377,914,9,10
2378,915,9,6
2379,916,9,6
2380,917,9,6
2381,921,9,10
2382,922,9,10
2383,924,9,10
2384,926,9,10
2385,927,9,10
2386,928,9,10
2387,929,9,10
2388,930,9,10
2389,931,9,10
2390,933,9,10
2391,934,9,10
2392,935,9,10
2393,936,9,10
2394,937,9,6
2395,939,9,10
2396,941,9,10
2397,942,9,10
2398,943,9,10
2399,944,9,10
2400,945,9,10
2401,946,9,10
2402,947,9,10
2403,948,9,10
2404,950,9,10
2405,951,9,10
2406,952,9,10
2407,953,9,10
2408,954,9,10
2409,955,9,10
2410,956,9,10
2411,957,9,6
2412,958,9,10
2413,959,9,10
2414,960,9,10
2415,962,9,10
2416,963,9,10
2417,964,9,10
2418,967,9,10
2419,968,9,10
2420,969,9,10
2421,970,9,10
2422,971,9,10
2423,974,9,10
2424,975,9,10
2425,976,9,10
2426,977,9,6
2427,979,9,10
2428,980,9,10
2429,982,9,10
2430,983,9,10
2431,984,9,10
2432,985,9,10
2433,986,9,10
2434,988,9,10
2435,989,9,6
2436,991,9,10
2437,992,9,10
2438,993,9,10
2439,995,9,10
2440,996,9,10
2441,997,9,10
2442,998,9,10
2443,999,9,10
2444,1000,9,10
2445,1002,9,10
2446,1003,9,10
2447,1004,9,10
2448,1006,9,10
2449,1007,9,10
2450,1008,9,10
2451,1009,9,10
2452,1010,9,10
2453,1011,9,10
2454,1012,9,10
2455,1013,9,10
2456,1014,9,10
2457,1015,9,10
2458,1017,9,10
2459,1018,9,10
2460,1020,9,10
2461,1022,9,6
2462,1023,9,10
2463,1024,9,6
2464,1026,9,10
2465,1027,9,10
2466,1028,9,10
2467,1029,9,10
2468,1030,9,10
2469,1031,9,10
2470,1034,9,11
2471,1035,9,10
2472,1037,9,10
2473,1038,9,10
2474,1039,9,10
2475,1040,9,10
2476,1041,9,10
2477,1042,9,6
2478,1044,9,10
2479,1046,9,10
2480,1047,9,10
2481,1048,9,10
2482,1049,9,6
2483,1050,9,6
2484,1051,9,10
2485,1052,9,10
2486,1054,9,10
2487,1056,9,10
2488,1058,9,10
2489,1059,9,10
2490,1060,9,10
2491,1061,9,11
2492,1062,9,10
2493,1063,9,10
2494,1064,9,10
2495,1065,9,10
2496,1067,9,6
2497,1069,9,10
2498,1070,9,10
2499,1071,9,11
2500,1072,9,10
2501,1073,9,10
2502,1074,9,10
2503,1075,9,10
2504,1076,9,10
2505,1077,9,6
2506,1078,9,6
2507,1079,9,10
2508,1081,9,10
2509,1082,9,10
2510,1083,9,6
2511,1085,9,10
2512,1086,9,10
2513,1090,9,6
2514,1091,9,10
2515,1092,9,10
2516,1093,9,10
2517,1094,9,10
2518,1095,9,6
2519,1096,9,6
2520,1097,9,10
2521,1098,9,6
2522,1099,9,10
2523,1102,9,6
2524,1103,9,10
2525,1104,9,6
2526,1106,9,10
2527,1107,9,10
2528,1108,9,10
2529,1109,9,6
2530,1110,9,10
2531,1111,9,10
2532,1112,9,10
2533,1113,9,11
2534,1114,9,6
2535,1115,9,10
2536,1118,9,10
2537,1119,9,6
2538,1120,9,10
2539,1122,9,10
2540,1124,9,6
2541,1125,9,10
2542,1126,9,6
2543,1128,9,10
2544,1129,9,10
2545,1130,9,10
2546,1131,9,10
2547,1132,9,10
2548,1134,9,10
2549,1135,9,10
2550,1136,9,10
2551,1137,9,10
2552,1139,9,10
2553,1140,9,10
2554,1141,9,10
2555,1142,9,10
2556,1143,9,10
2557,1145,9,6
2558,1146,9,10
2559,1147,9,10
2560,1148,9,10
2561,1149,9,10
2562,1150,9,10
2563,1151,9,10
2564,1152,9,6
2565,1153,9,6
2566,1155,9,10
2567,1156,9,10
2568,1158,9,10
2569,1159,9,10
2570,1161,9,10
2571,1162,9,10
2572,1163,9,10
2573,1164,9,10
2574,1165,9,10
2575,1166,9,6
2576,1167,9,10
2577,1168,9,10
2578,1169,9,10
2579,1170,9,10
2580,1171,9,10
2581,1172,9,10
2582,1173,9,10
2583,1174,9,10
2584,1177,9,10
2585,1178,9,6
2586,1179,9,10
2587,1180,9,10
2588,1181,9,6
2589,1183,9,10
2590,1184,9,10
2591,1185,9,6
2592,1188,9,10
2593,1189,9,10
2594,1190,9,10
2595,1191,9,10
2596,1192,9,10
2597,1193,9,10
2598,1195,9,10
2599,1196,9,10
2600,1198,9,10
2601,1199,9,10
2602,1200,9,10
2603,1201,9,10
2604,1202,9,11
2605,1203,9,6
2606,1204,9,11
2607,1205,9,10
2608,1206,9,10
2609,1207,9,10
2610,1208,9,10
2611,1209,9,10
2612,1210,9,10
2613,1211,9,10
2614,1212,9,6
2615,1213,9,6
2616,1214,9,10
2617,1215,9,10
2618,1216,9,10
2619,1218,9,10
2620,1219,9,10
2621,1220,9,10
2622,1221,9,6
2623,1222,9,10
2624,1223,9,10
2625,1225,9,10
2626,1228,9,10
2627,1229,9,10
2628,1230,9,10
2629,1232,9,10
2630,1233,9,10
2631,1235,9,10
2632,1236,9,10
2633,1238,9,10
2634,1239,9,11
2635,1240,9,10
2636,1241,9,10
2637,1245,9,10
2638,1246,9,6
2639,1248,9,10
2640,1251,9,10
2641,1252,9,10
2642,1253,9,10
2643,1254,9,10
2644,1255,9,10
2645,1256,9,10
2646,1257,9,6
2647,1258,9,10
2648,1259,9,10
2649,1260,9,10
2650,1261,9,10
2651,1263,9,10
2652,1264,9,10
2653,1265,9,6
2654,1267,9,6
2655,1268,9,10
2656,1270,9,10
2657,1271,9,10
2658,1273,9,6
2659,1274,9,11
2660,1275,9,10
2661,1276,9,10
2662,1277,9,10
2663,1278,9,10
2664,1279,9,10
2665,1280,9,10
2666,1281,9,6
2667,1283,9,10
2668,1284,9,10
2669,1285,9,10
2670,1286,9,10
2671,1287,9,10
2672,1288,9,10
2673,1289,9,10
2674,1290,9,10
2675,1292,9,10
2676,1293,9,6
2677,1294,9,10
2678,1296,9,10
2679,1298,9,10
2680,1299,9,10
2681,1300,9,10
2682,1301,9,10
2683,1302,9,10
2684,1304,9,10
2685,1307,9,10
2686,1308,9,10
2687,1309,9,6
2688,1310,9,11
2689,1311,9,10
2690,1312,9,10
2691,1313,9,10
2692,1315,9,10
2693,1316,9,10
2694,1319,9,6
2695,1320,9,11
2696,1322,9,10
2697,1323,9,6
2698,1324,9,6
2699,1325,9,6
2700,1326,9,6
2701,1327,9,6
2702,1328,9,6
2703,1329,9,6
2704,1330,9,6
2705,1331,9,6
2706,1332,9,6
2707,1333,9,6
2708,1334,9,6
2709,1335,9,10
2710,1336,9,6
2711,1337,9,6
2712,1338,9,6
2713,1340,9,6
2714,1345,9,6
2715,1346,9,10
2716,1349,9,6
2717,1350,9,6
2718,1351,9,6
2719,1352,9,6
2720,1353,9,6
2721,1354,9,6
2722,1355,9,6
2723,1357,9,10
2724,1359,9,6
2725,1361,9,6
2726,1363,9,6
2727,1365,9,6
2728,1366,9,6
2729,1367,9,11
2730,1369,9,6
2731,1370,9,10
2732,1372,9,6
2733,1374,9,10
2734,1375,9,10
2735,1379,9,11
2736,1382,9,6
2737,1383,9,6
2738,1384,9,6
2739,1386,9,6
2740,1389,9,6
2741,1390,9,6
2742,1392,9,6
2743,1393,9,6
2744,1394,9,6
2745,1395,9,6
2746,1396,9,6
2747,1397,9,10
2748,1398,9,6
2749,1399,9,6
2750,1400,9,6
2751,1401,9,6
2752,1402,9,6
2753,1403,9,6
2754,1404,9,6
2755,1405,9,6
2756,1406,9,6
2757,1407,9,6
2758,1408,9,10
2759,1409,9,6
2760,1412,9,11
2761,1413,9,10
2762,1414,9,6
2763,1415,9,6
2764,1416,9,6
2765,1417,9,10
2766,1418,9,6
2767,1419,9,10
2768,1420,9,10
2769,1421,9,6
2770,1422,9,10
2771,1424,9,6
2772,1425,9,6
2773,1426,9,6
2774,1427,9,6
2775,1428,9,10
2776,1429,9,10
2777,1430,9,6
2778,1431,9,10
2779,1432,9,10
2780,1433,9,10
2781,1434,9,6
2782,1435,9,6
2783,1438,9,6
2784,1441,9,6
2785,1442,9,10
2786,1443,9,6
2787,1445,9,6
2788,1446,9,6
2789,1448,9,11
2790,1450,9,6
2791,1451,9,10
2792,1456,9,6
2793,1457,9,6
2794,1458,9,6
2795,1461,9,6
2796,1463,9,6
2797,1464,9,10
2798,1465,9,10
2799,1467,9,6
2800,1469,9,6
2801,1470,9,10
2802,1471,9,6
2803,1472,9,6
2804,1473,9,10
2805,1474,9,6
2806,1476,9,6
2807,1477,9,6
2808,1478,9,6
2809,1479,9,6
2810,1480,9,6
2811,1481,9,10
2812,1482,9,10
2813,1483,9,6
2814,1484,9,6
2815,1485,9,6
2816,1489,9,10
2817,1490,9,6
2818,1491,9,6
2819,1493,9,6
2820,1494,9,10
2821,1495,9,6
2822,1496,9,10
2823,1497,9,6
2824,1498,9,6
2825,1499,9,10
2826,1502,9,6
2827,1503,9,6
2828,1505,9,10
2829,1509,9,6
2830,1511,9,6
2831,1512,9,10
2832,1514,9,6
2833,1515,9,10
2834,1519,9,6
2835,1520,9,6
2836,1521,9,11
2837,1522,9,6
2838,1523,9,10
2839,1524,9,6
2840,1525,9,10
2841,1526,9,10
2842,1527,9,6
2843,1528,9,6
2844,1529,9,10
2845,1530,9,6
2846,1531,9,6
2847,1532,9,6
2848,1533,9,6
2849,1535,9,6
2850,1536,9,6
2851,1537,9,6
2852,1538,9,6
2853,1539,9,10
2854,1540,9,6
2855,1542,9,6
2856,1543,9,6
2857,1544,9,6
2858,1545,9,11
2859,1546,9,11
2860,1548,9,6
2861,1552,9,6
2862,1553,9,6
2863,1555,9,6
2864,1556,9,10
2865,1557,9,6
2866,1558,9,6
2867,1559,9,11
2868,1561,9,6
2869,1562,9,6
2870,1563,9,6
2871,1566,9,6
2872,1567,9,6
2873,1569,9,6
2874,1570,9,6
2875,1571,9,6
2876,1572,9,6
2877,1573,9,6
2878,1574,9,6
2879,1577,9,6
2880,1579,9,6
2881,1581,9,6
2882,1584,9,6
2883,1585,9,6
2884,1587,9,6
2885,1588,9,6
2886,1590,9,6
2887,1592,9,6
2888,1594,9,6
2889,1596,9,6
2890,1597,9,6
2891,1598,9,6
2892,1600,9,6
2893,1601,9,10
2894,1603,9,6
2895,1605,9,6
2896,1606,9,10
2897,1608,9,6
2898,1609,9,10
2899,1611,9,6
2900,1612,9,11
2901,1614,9,11
2902,1615,9,6
2903,1618,9,6
2904,1619,9,6
2905,1621,9,6
2906,1622,9,6
2907,1623,9,6
2908,1625,9,6
2909,1626,9,6
2910,1627,9,6
2911,1628,9,6
2912,1629,9,6
2913,1630,9,6
2914,1631,9,6
2915,1632,9,6
2916,1633,9,6
2917,1634,9,6
2918,1637,9,6
2919,1638,9,6
2920,1639,9,6
2921,1640,9,6
2922,1642,9,6
2923,1643,9,6
2924,1646,9,10
2925,1649,9,6
2926,1652,9,6
2927,1653,9,6
2928,1654,9,6
2929,1655,9,6
2930,1658,9,6
2931,1659,9,6
2932,1663,9,6
2933,1664,9,6
2934,1665,9,6
2935,1666,9,6
2936,1670,9,6
2937,1671,9,6
2938,1672,9,6
2939,1675,9,6
2940,1676,9,6
2941,1681,9,6
2942,1682,9,6
2943,1686,9,6
2944,1688,9,10
2945,1690,9,6
2946,1691,9,6
2947,1692,9,6
2948,1693,9,6
2949,1694,9,6
2950,1696,9,6
2951,1697,9,10
2952,1698,9,6
2953,1699,9,6
2954,1700,9,6
2955,1701,9,6
2956,1703,9,6
2957,1704,9,6
2958,1705,9,6
2959,1707,9,11
2960,1710,9,6
2961,1711,9,6
2962,1712,9,6
2963,1715,9,6
2964,1716,9,6
2965,1717,9,6
2966,1718,9,6
2967,1719,9,6
2968,2,9,10
2969,5,9,10
2970,17,9,10
2971,47,9,10
2972,48,9,10
2973,63,9,10
2974,86,9,10
2975,93,9,10
2976,126,9,10
2977,147,9,10
2978,148,9,10
2979,154,9,10
2980,165,9,10
2981,168,9,10
2982,179,9,10
2983,267,9,10
2984,293,9,10
2985,394,9,10
2986,397,9,10
2987,573,9,10
2988,596,9,10
2989,627,9,10
2990,658,9,10
2991,676,9,10
2992,1332,9,10
2993,1382,9,10
2994,1521,9,10
2995,1545,9,10
2996,1559,9,10
2997,1614,9,10
2998,1707,9,10
